Landing page 2023,18784,undefined
D2D-FAIR,18668,D2D-FAIR
SAS,18490,99-3
SPTWR,18386,undefined
test form 9-28,18371,undefined
BC,18311,BC
CCW,17956,CCW
FRBS,17937,FRBS
MDRV,17805,MDRV
99-3 luqq,16739,99-3
New landing page 2023,16557,undefined
BCG10,16468,BCG10
BCG9,16465,BCG9
BCG8,16462,BCG8
BCG7,16455,BCG7
BCG6,16453,BCG6
BCG5,16450,BCG5
BCG4,16448,BCG4
BCG3,16445,BCG3
BCG2,16442,BCG2
BCG1,16412,BCG1
BCG-9-FQ ,16351,BCG-9-FQ 
BCG-10-FQ ,16349,BCG-10-FQ 
BCG-8-FQ,16345,BCG-8-FQ
BCG-7-FQ,16343,BCG-7-FQ
BCG-6-FQ  ,16333,BCG-6-FQ  
BCG-5-FQ ,16328,BCG-5-FQ 
BCG-4-FQ ,16325,BCG-4-FQ 
BCG-3-FQ ,16322,BCG-3-FQ 
BCG-2-FQ ,16306,BCG-2-FQ 
BCG-1-FQ,16300,BCG-1-FQ
BCG-10-OP ,16256,BCG-10-OP 
BCG-9-OP  ,16253,BCG-9-OP  
BCG-8-OP ,16251,BCG-8-OP 
BCG-7-OP ,16247,BCG-7-OP 
BCG-6-OP  ,16245,BCG-6-OP  
BCG-5-OP,16241,BCG-5-OP
BCG-4-OP ,16239,BCG-4-OP 
BCG-3-OP ,16236,BCG-3-OP 
BCG-2-OP ,16233,BCG-2-OP 
BCG-1-OP,16228,BCG-1-OP
99-3-OP (ID #16153),16153,99-3-OP
99-3-FQ (ID #16151),16151,99-3-FQ
AD Free Quote Lead Home,15978,AD Web Quote Lead home
Blank Form,15976,undefined
CPSL,15941,CPSL
LP7,15801,undefined
99-3-FQ,15507,99-3-FQ
99-3-OP,15505,99-3-OP
99-MQ,15487,99-MQ
99-3,15484,99-3
CAQUOTE2,15009,CAQUOTE2
RZGA-PHRZ,14927,RZGA-PHRZ
TOP10FB,14890,TOP10FB
RZGA,14490,RZGA
RZGA-FQ ,14463,RZGA-FQ 
RZGA-OP,14428,RZGA-OP
RZGA-CU ,14423,RZGA-CU 
RZGA-WU ,14420,RZGA-WU 
APGA-FQ,14037,APGA-FQ
APGA-WU,14032,APGA-WU
APGA-CU,14002,APGA-CU
 APGA-OP,13996,	 APGA-OP
BP,13670,BP
Apply for Job,13358,undefined
Compliance Analyst,13238,undefined
Automotive Customer Service Claims,13210,undefined
Customer Service Representative,13207,undefined
Marketing Analyst,13204,undefined
Mechanical Claims Adjuster (Remote),13201,undefined
Retention Representative,13198,undefined
Retention Manager,13195,undefined
Regulatory Compliance Analyst,13192,undefined
Sales Development Representative ,13189,undefined
Sales Representative,13140,undefined
Top10,12553,Top10
FBPAGE,12444,FBPAGE
Trust Pilot,12417,Trust Pilot
mocmpr,11749,mocmpr
M1,11530,M1
CAQUOTE1,11528,CAQUOTE1
MC,11503,undefined
RG,11492,RG
Auto Warranty Glossary,11273,Auto Warranty Glossary
Free Quote,11131,Free Quote
Lp5,10063,Lp5
APGA,10035,APGA
LP3,9099,LP3
Quote ,8593,AD Web Quote Lead
Nevada,8103,Nevada
Wyoming,8100,Wyoming
Wisconsin,8097,Wisconsin
West Virginia,8093,West Virginia
Washington,8090,Washington
Virginia,8087,Virginia
Vermont,8084,Vermont
Utah,8081,Utah
Texas,8078,Texas
Tennessee,8075,Tennessee
South Dakota,8072,South Dakota
South Carolina,8069,South Carolina
Rhode Island,8066,Rhode Island
Pennsylvania,8063,Pennsylvania
Oregon,8060,Oregon
Oklahoma,8057,Oklahoma
Ohio,8054,Ohio
North Dakota,8051,North Dakota
North Carolina,8048,North Carolina
New York,8045,New York
New Mexico,8042,New Mexico
New Jersey,8039,New Jersey
New Hampshire,8035,New Hampshire
Nebrasska,8032,Nebrasska
Montana,8029,Montana
Missouri,8026,Missouri
Mississippi,8023,Mississippi
Minnesota,8020,Minnesota
Illinois,8016,Illinois
Massachusetts,8010,Massachusetts
Maryland,8007,Maryland
Maine,8004,Maine
Lousiana,8001,Lousiana
Kentucky,7998,Kentucky
Kansas,7995,Kansas
Lowa,7992,Lowa
Indiana,7989,Indiana
Michigan,7986,Michigan
Idaho,7983,Idaho
Hawaii,7980,hawaii
Georgia,7976,Georgia
Florida,7973,Florida
Delware,7970,Delware
Connecticut,7967,Connecticut
Colorado,7964,Colorado
California,7961,California
Arkansas,7958,Arkansas
Arizona,7955,Arizona
Alaska,7952,Alaska
Alabama,7949,Alabama
QSLP4,7473,QSLP4
3SP,7138,3SP
SECSQUARED,7106,SECSQUARED
SECSQ,7062,SECSQ
location,6852,location
Cmprcar,6079,Cmprcar
MSTRXCT,6068,MSTRXCT
Dymcad,6042,Dymcad
CAQUOTE3,5643,CAQUOTE3
Free Quote Steps,5122,undefined
SAAD,4733,SAAD
Cadillac Car ,4227,Cadillac Car 
KIA Car ,4223,KIA Car 
Lincoln Car ,4221,Lincoln Car 
Land Rover Car  ,4218,Land Rover Car  
Mercury Car ,4215,Mercury Car 
MINI Cooper Car ,4212,MINI Cooper Car 
Tesla Car ,4209,Tesla Car 
Volkswagen Car ,4206,Volkswagen Car 
Volvo Car ,4203,Volvo Car 
Jaguar Car  ,4199,Jaguar Car
Aston Martin Car ,4111,Aston Martin Car 
Bentley Car ,4092,Bentley Car 
McLaren Car  ,4089,McLaren Car  
FIAT Car  ,4086,FIAT Car 
Hyundai Car  ,4083,Hyundai Car  
Mitsubishi Car ,3983,Mitsubishi Car 
Hummer Car ,3980,Hummer Car 
Pontiac Car,3977,Pontiac Car
Smart Car ,3959,Smart Car 
Scion Car ,3956,Scion Car 
Buick Car ,3953,Buick Car 
Steps-wp,3818, Steps-wp
Chevrolet Car,3763,Chevrolet Car
Mazda Car,3759,Mazda Car
Acura Car,3712,Acura Car
Lotus Car,3702,Lotus Car
Audi Car,3626,Audi Car
Saturn Car,3623,Saturn Car
Saab Car,3620,Saab Car
Nissan Car,3554,Nissan Car
Infiniti Car,3551,Infiniti Car
Customer portal,3462,undefined
Make a Payment,3441,undefined
GMC Car,3425,GMC Car
Chrysler Car,3422,Chrysler Car
Dodge Car,3377,Dodge Car
Jeep Car,3373,Jeep Car
Alfa Romeo Car,3370,Alfa Romeo Car
Lamborghini Car,3292,Lamborghini Car
Maserati Car ,3273,Maserati Car 
Lexus Car ,3184,Lexus Car
Mercedes Car,3163,Mercedes Car
NACAL,3098,NACAL
Subaru Car,3045,Subaru Car
Honda Car,3012,Honda Car
Car Protection,2897,AD Web Quote Lead
Used Car Warranty,2888,AD Web Quote Lead
Extended Car Warranty,2876,AD Web Quote Lead
Extended Auto Protection,2867,AD Web Quote Lead
Car Warranty,2858,AD Web Quote Lead
Best Auto Warranty,2849,AD Web Quote Lead
Vehicle Service Contracts,2840,AD Web Quote Lead
Extended Auto Warranty ,2792,AD Web Quote Lead
Toyota Car ,2786,AD Web Quote Lead
Ford Car ,2783,Ford Car
Porsche Car,2777,Porsche
BMW Car,2770,BMW
Wz,2444,Wz
Volvo,2299,Volvo
Volkswagen,2296,Volkswagen
Toyota,2293,Toyota
Subaru,2115,Subaru
Ram Truck,2112,Ram Truck
Nissan,2109,Nissan
Mitsubishi,2106,Mitsubishi
Mini,2103,Mini
Mazda,2100,Mazda
Kia,2097,Kia
Jeep,2094,Jeep
Infiniti,2091,Infiniti
Hyundai,2088,Hyundai
Honda,2085,Honda
GMC,2082,GMC
Ford,2079,Ford
Rolls Royce,2065,Rolls Royce
Porsche,2056,Porscha
Maserati,2048,Maserati
Lotus,2043,ADLP1
Lincoln,2034,ADLP1
Lexus,2027,ADLP1
Jaguar,2019,ADLP1
 Lamborghini,2013,ADLP1
Mercedes Benz,2003,ADLP1
Land Rover,1998,ADLP1
Fiat,1986,ADLP1
Ferrari,1987,ADLP1
Dodge,1980,ADLP1
Chrysler,1977,ADLP1
Chevrolet,1968,ADLP1
Cadillac,1962,ADLP1
	 Buick,1950,ADLP1
BMW,1952,ADLP1
Austin,1946,ADLP1
	 Alfa Romeo,1940,ADLP1
Acura,1934,ADLP1
Affiliate Program,1716,Affiliate Program
SC30,1541,SC30
Contact Us,1142,Contact Us
ADLP1,690,ADLP1
ADLP2,652,ADLP2
Retirement Living,626,Retirement Living
AD Web Quote Lead,137,undefined
